,31693_12
AADDTWEPFASGK,9806660.0
AAFGQGSGPIMLDEVQC(UniMod_4)TGTEASLADC(UniMod_4)K,53121.4
AAFTEC(UniMod_4)C(UniMod_4)QAADK,8192190.0
AANEVSSADVK,48658.0
AATGEC(UniMod_4)TATVGKR,20924.7
AATVGSLAGQPLQER,39269.5
AAVYHHFISDGVR,45768.1
ADDKETC(UniMod_4)FAEEGK,530355.0
ADDKETC(UniMod_4)FAEEGKK,8459620.0
ADDLGKGGNEESTKTGNAGSR,56467.3
ADLSGITGAR,323058.0
ADQVC(UniMod_4)INLR,262185.0
ADRDQYELLC(UniMod_4)LDNTR,385077.0
ADSGEGDFLAEGGGVR,29539.3
AEAQEAEDQQAR,6394.89
AEFAEVSK,20280000.0
AELQC(UniMod_4)PQPAA,98869.9
AESPEVC(UniMod_4)FNEESPK,17766.1
AFPALTSLDLSDNPGLGER,59279.1
AGAAAGGPGVSGVC(UniMod_4)VC(UniMod_4)K,151732.0
AGALNSNDAFVLK,200240.0
AGC(UniMod_4)VAESTAVC(UniMod_4)R,14234.5
AGDFLEANYMNLQR,116467.0
AGKEPGLQIWR,350427.0
AGLAASLAGPHSIVGR,271553.0
AGLLRPDYALLGHR,38320.8
AGLQVYNK,120348.0
AIGAVPLIQGEYMIPC(UniMod_4)EK,81494.0
AIGYLNTGYQR,204761.0
AIPVTQYLK,51363.8
AIQLTYNPDESSKPNMIDAATLK,34963.6
AKAYLEEEC(UniMod_4)PATLRK,45952.8
AKLEEQAQQIR,282665.0
AKPALEDLR,234866.0
AKWEMPFDPQDTHQSR,88055.0
ALANSLAC(UniMod_4)QGK,17878.8
ALDFAVGEYNK,7022930.0
ALEQDLPVNIK,100130.0
ALEYIENLR,58979.1
ALFLETEQLK,22667.8
ALGISPFHEHAEVVFTANDSGPR,266376.0
ALGISPFHEHAEVVFTANDSGPRR,529817.0
ALMSPAGMLR,70345.4
ALPGTPVASSQPR,48034.8
ALQDQLVLVAAK,285554.0
ALSIGFETC(UniMod_4)R,147836.0
ALSSEWKPEIR,89181.3
ALTDMPQMR,108127.0
ALVQQMEQLR,110093.0
ALYLQYTDETFR,25196.3
ANAGKPKDPTFIPAPIQAK,816003.0
ANRPFLVFIR,678869.0
APEAQVSVQPNFQQDK,3032840.0
APHGPGLIYR,104088.0
APLIPMEHC(UniMod_4)TTR,79821.9
AQAGANTRPC(UniMod_4)PS,6525.75
AQC(UniMod_4)GGGLLGVR,9894.21
AQGFTEDTIVFLPQTDK,7504220.0
AQPVQVAEGSEPDGFWEALGGK,369657.0
AQTTVTC(UniMod_4)M(UniMod_35)ENGWSPTPR,15548.8
AQTTVTC(UniMod_4)MENGWSPTPR,23096.8
ARAEAQEAEDQQAR,65546.4
ASEGGFTATGQR,
ASGSPEPAISWFR,53089.1
ASHEEVEGLVEK,38314.1
ASLVPMEHC(UniMod_4)ITR,269305.0
ASNLESGVPSR,
ASQSVSSYLAWYQQKPGQAPR,11442.0
ASVGQDSPEPR,
ASYGVKPR,12906.1
ASYLDC(UniMod_4)IR,2769930.0
ATEDEGSEQKIPEATNR,299326.0
ATEDEGSEQKIPEATNRR,23610.2
ATEHLSTLSEK,575065.0
ATFGC(UniMod_4)HDGYSLDGPEEIEC(UniMod_4)TK,193780.0
ATLGPAVRPLPWQR,51627.3
ATTVTGTPC(UniMod_4)QDWAAQEPHR,129963.0
ATVNPSAPR,55853.2
ATVVYQGER,373512.0
ATWSGAVLAGR,266610.0
AVC(UniMod_4)SQEAMTGPC(UniMod_4)R,13219.7
AVDTWSWGER,70740.4
AVGDKLPEC(UniMod_4)EADDGC(UniMod_4)PKPPEIAHGYVEHSVR,
AVISPGFDVFAK,27368.4
AVLPTGDVIGDSAK,20160.0
AVSEKEVDSGNDIYGNPIKR,54444.3
AVVFLEPQWYR,26008.4
AVVVHAGEDDLGR,117124.0
AYKSELEEQLTPVAEETR,325564.0
AYLEEEC(UniMod_4)PATLR,149292.0
AYLEEEC(UniMod_4)PATLRK,161828.0
AYQGVAAPFPK,104024.0
C(UniMod_4)AEENC(UniMod_4)FIQK,61215.1
C(UniMod_4)APFFYGGC(UniMod_4)GGNR,25645.0
C(UniMod_4)C(UniMod_4)AAADPHEC(UniMod_4)YAK,17650800.0
C(UniMod_4)C(UniMod_4)ESASEDC(UniMod_4)MAK,80733.6
C(UniMod_4)C(UniMod_4)ESASEDC(UniMod_4)MAKELPEHTVK,38444.4
C(UniMod_4)C(UniMod_4)TESLVNR,3723080.0
C(UniMod_4)C(UniMod_4)VEC(UniMod_4)PPC(UniMod_4)PAPPVAGPSVFLFPPKPK,359950.0
C(UniMod_4)DSSPDSAEDVRK,8758.66
C(UniMod_4)FLAFTQTK,217326.0
C(UniMod_4)FSGQC(UniMod_4)ISK,22930.6
C(UniMod_4)IIEVLSNALSK,13511.4
C(UniMod_4)KPVNTFVHEPLVDVQNVC(UniMod_4)FQEK,415559.0
C(UniMod_4)LAFEC(UniMod_4)PENYR,13307.6
C(UniMod_4)LAFEC(UniMod_4)PENYRR,228300.0
C(UniMod_4)LAPLEGAR,139383.0
C(UniMod_4)LKDGAGDVAFVK,730160.0
C(UniMod_4)LPVTAPENGK,29545.1
C(UniMod_4)LVEKGDVAFVK,526261.0
C(UniMod_4)LVEKGDVAFVKHQTVPQNTGGK,81767.8
C(UniMod_4)LVNLIEK,101080.0
C(UniMod_4)MC(UniMod_4)PAENPGC(UniMod_4)R,9928.54
C(UniMod_4)NLLAEK,84206.5
C(UniMod_4)PFPSRPDNGFVNYPAKPTLYYK,60572.8
C(UniMod_4)PNPPVQENFDVNK,410158.0
C(UniMod_4)PNPPVQENFDVNKYLGR,2214320.0
C(UniMod_4)QC(UniMod_4)DELC(UniMod_4)SYYQSC(UniMod_4)C(UniMod_4)TDYTAEC(UniMod_4)KPQVTR,17652.3
C(UniMod_4)RDQLPYIC(UniMod_4)QFGIV,16820.5
C(UniMod_4)REILSVDC(UniMod_4)STNNPSQAK,151861.0
C(UniMod_4)STSSLLEAC(UniMod_4)TFR,1135030.0
C(UniMod_4)SYTEDAQC(UniMod_4)IDGTIEVPK,19259.8
C(UniMod_4)TSTGWIPAPR,272768.0
C(UniMod_4)TTPPPSSGPTYQC(UniMod_4)LK,37326.8
C(UniMod_4)VC(UniMod_4)PVSNAMC(UniMod_4)R,227956.0
C(UniMod_4)VDVDEC(UniMod_4)APPAEPC(UniMod_4)GK,100271.0
C(UniMod_4)VNHYGGYLC(UniMod_4)LPK,116024.0
C(UniMod_4)YTAVVPLVYGGETK,3848.74
DAC(UniMod_4)GC(UniMod_4)C(UniMod_4)PMC(UniMod_4)AR,150515.0
DALSSVQESQVAQQAR,39842.4
DASGVTFTWTPSSGK,246191.0
DC(UniMod_4)GSVDGVIKEVNVSPC(UniMod_4)PTQPC(UniMod_4)QLSK,44218.2
DC(UniMod_4)HLAQVPSHTVVAR,143195.0
DC(UniMod_4)SLPYATESK,100238.0
DDKETC(UniMod_4)FAEEGKK,936494.0
DDNPNLPR,2874290.0
DEPPQSPWDR,1412330.0
DFADIPNLR,181775.0
DGAGDVAFVK,944227.0
DGGFC(UniMod_4)EVC(UniMod_4)K,33218.3
DGGFC(UniMod_4)EVC(UniMod_4)KK,44859.7
DGLKYHYLIR,35611.7
DGWSAQPTC(UniMod_4)IK,71287.1
DIPMNPMC(UniMod_4)IYR,785810.0
DKETC(UniMod_4)FAEEGKK,774256.0
DKLAAC(UniMod_4)LEGNC(UniMod_4)AEGLGTNYR,45151.1
DLATVYVDVLK,24798.3
DLEDETLWVEER,49022.9
DLGEENFK,1259390.0
DLLFKDSAHGFLK,141037.0
DLLFRDDTVC(UniMod_4)LAK,378567.0
DLLLPQPDLR,118040.0
DMPASEDLQDLQK,27395.5
DNC(UniMod_4)C(UniMod_4)ILDER,79832.8
DNWVFC(UniMod_4)GGK,154686.0
DPTFIPAPIQAK,447934.0
DQC(UniMod_4)QVDSQC(UniMod_4)PGQMK,10341.8
DQGNQEQDPNISNGEEEEEKEPGEVGTHNDNQER,16975.5
DQPFTILYR,51098.8
DQTVSDNELQEM(UniMod_35)SNQGSK,62954.8
DQTVSDNELQEMSNQGSK,2435350.0
DRLDEVKEQVAEVR,141066.0
DSGEGDFLAEGGGVR,
DSGFQM(UniMod_35)NQLR,70506.6
DSGFQMNQLR,1573110.0
DSGRDYVSQFEGSALGK,405973.0
DSGVPDRFSGSGSGTDFTLK,9972.35
DTDTGALLFIGK,387985.0
DTINLLDQR,29982.2
DTSC(UniMod_4)VNPPTVQNAYIVSR,137717.0
DTVIKPLLVEPEGLEK,47851.5
DVC(UniMod_4)KNYAEAK,182936.0
DVLLEAC(UniMod_4)C(UniMod_4)ADGHR,205410.0
DVQLVESGGGLVKPGGSLR,
DVRDYFMPC(UniMod_4)PGR,2067050.0
DWHGVPGQVDAAMAGR,372596.0
DYFMPC(UniMod_4)PGR,1029020.0
DYVSQFEGSALGK,190211.0
EAEEETTNDNGVLVLEPARK,3904.96
EAEEHQETQC(UniMod_4)LR,30467.9
EALQGVGDMGR,51485.4
EC(UniMod_4)EEIIR,
EDC(UniMod_4)NELPPRR,22017.1
EDSLEAGLPLQVR,62924.1
EFQLFSSPHGK,404984.0
EFTRPEEIIFLR,110426.0
EGDMLTLFDGDGPSAR,9030.93
EGQEC(UniMod_4)GVYTPNC(UniMod_4)APGLQC(UniMod_4)HPPKDDEAPLR,335570.0
EGTC(UniMod_4)PEAPTDEC(UniMod_4)KPVK,330315.0
EGVQKEDIPPADLSDQVPDTESETR,151554.0
EGYYGYTGAFR,600728.0
EHVAHLLFLR,
EIGELYLPK,149581.0
EILSVDC(UniMod_4)STNNPSQAK,968958.0
EIQNAVNGVK,182297.0
EIVLTQSPATLSLSPGER,148547.0
EIVMTQSPATLSVSPGER,30318.5
EKLQDEDLGFL,38417.5
ELDESLQVAER,1075790.0
ELDLNSVLLK,17603.3
ELLESYIDGR,42613.9
ELQQAVLHMEQR,22264.3
ELSSFIDKGQELC(UniMod_4)ADYSENTFTEYK,
ELSSFIDKGQELC(UniMod_4)ADYSENTFTEYKK,11144.5
EPGLC(UniMod_4)TWQSLR,127868.0
EPQVYTLPPSRDELTK,
EPTMYGEILSPNYPQAYPSEVEK,41247.1
EQLSLLDRFTEDAKR,63913.9
EQLTPLIK,18069.3
EQPPSLTR,29546.7
EQWPQC(UniMod_4)PTIK,38100.6
ESAYLYAR,200049.0
ESLQQMAEVTR,14677.5
ESLSSYWESAK,21426.7
ETLLQDFR,179111.0
ETYGEMADC(UniMod_4)C(UniMod_4)AK,7840580.0
EVGPTNADPVC(UniMod_4)LAK,362951.0
EVNVSPC(UniMod_4)PTQPC(UniMod_4)QLSK,79247.5
EVPLNTIIFMGR,386082.0
EVQPVELPNC(UniMod_4)NLVK,
EVVEEAENGR,34992.0
EVVSLTEAC(UniMod_4)C(UniMod_4)AEGADPDC(UniMod_4)YDTR,163736.0
EWVAIESDSVQPVPR,72164.6
EYC(UniMod_4)GVPGDGDEELLR,111500.0
FAALDNEEEDK,15222.0
FAEQDAK,5182360.0
FDEFFSEGC(UniMod_4)APGSK,470069.0
FDEFFSEGC(UniMod_4)APGSKK,84200.2
FDGILGMAYPR,50993.6
FEHC(UniMod_4)NFNDVTTR,135469.0
FFLC(UniMod_4)QVAGDAK,58314.6
FIYGGC(UniMod_4)GGNR,17838.9
FKDLGEENFK,23337300.0
FLATTPNSLLVSWQPPR,37741.0
FLC(UniMod_4)TGGVSPYADPNTC(UniMod_4)R,28255.0
FLENEDR,51233.7
FLENEDRR,57895.0
FLNVLSPR,10307.8
FLPSYQAVEYMR,33311.8
FLVNLVK,52937.7
FM(UniMod_35)ETVAEK,150064.0
FMETVAEK,2428620.0
FMQAVTGWK,278637.0
FNALQYLR,120680.0
FNKNNEGTYYSPNYNPQSR,178435.0
FNKPFVFLM(UniMod_35)IEQNTK,1046.28
FQNALLVR,22025200.0
FQPTLLTLPR,
FQSVFTVTR,116403.0
FSALEVDETYVPK,152069.0
FSC(UniMod_4)FQEEAPQPHYQLR,86934.4
FSC(UniMod_4)MC(UniMod_4)PQGYQVVR,74273.6
FSEEAC(UniMod_4)AVLTSPTFEAC(UniMod_4)HR,442033.0
FSGSLLGGK,
FSGSNSGNTATLTISR,14228.9
FSGTWYAMAK,88679.3
FSPATHPSEGLEENYC(UniMod_4)RNPDNDPQGPWC(UniMod_4)YTTDPEKR,39987.0
FSVVYAK,531581.0
FTDSENVC(UniMod_4)QER,
FTEC(UniMod_4)C(UniMod_4)QAADK,55090.2
FTFEYSR,103366.0
FTILDSQGK,122353.0
FTNIGPDTMR,183788.0
FTQVTPTSLSAQWTPPNVQLTGYR,41328.7
FVEGLPINDFSR,26632.2
FVVTDGGITR,60889.1
FYNQVSTPLLR,59542.5
FYVHNDIFR,599606.0
GAAPPKQEFLDIEDP,41725.8
GALQNIIPASTGAAK,
GAQTLYVPNC(UniMod_4)DHR,77854.3
GAQTQTEEEMTR,15036.6
GATLALTQVTPQDER,29944.9
GATTSPGVYELSSR,29675.1
GAYPLSIEPIGVR,368045.0
GC(UniMod_4)PTEEGC(UniMod_4)GER,3758.98
GC(UniMod_4)SFLPDPYQK,641814.0
GDFSSANNRDNTYNR,21523.9
GDKVWVYPPEKK,158067.0
GEAAGAVQELAR,64010.7
GEAGAPGEEDIQGPTK,87205.8
GEC(UniMod_4)WC(UniMod_4)VNPNTGK,59477.4
GEVQAMLGQSTEELR,3327.54
GEVQAMLGQSTEELRVR,15294.6
GGETSEMYLIQPDSSVKPYR,25856.8
GGSTSYGTGSETESPR,11888.1
GGTLGTPQTGSENDALYEYLR,12863.1
GINVALANGK,66100.6
GIVEEC(UniMod_4)C(UniMod_4)FR,173383.0
GIYGTISR,14447.2
GKRPYQEGTPC(UniMod_4)SQC(UniMod_4)PSGYHC(UniMod_4)K,11627.0
GLEFLSVPSTYYK,
GLETSLAEC(UniMod_4)TFTK,16219.0
GLGEISAASEFK,89362.0
GLPAPIEK,872550.0
GLSAEPGWQAK,79249.0
GLVSWGNIPC(UniMod_4)GSK,843585.0
GLYDVVSVLR,48612.9
GMADQDGLKPTIDKPSEDSPPLEMLGPR,
GMDSC(UniMod_4)KGDSGGAFAVQDPNDKTK,33462.1
GMFNIQHC(UniMod_4)K,164151.0
GNPEPTFSWTK,97114.5
GNQWVGYDDQESVK,30338.5
GNSYFMVEVK,38158.4
GPSVFPLAPSSK,1524910.0
GQEDASPDRFSNTDYAVGYMLR,51929.8
GQSISVTSIRPC(UniMod_4)AAETQ,7054.9
GRPGPQPWC(UniMod_4)ATTPNFDQDQR,40455.0
GRTC(UniMod_4)PKPDDLPFSTVVPLK,309593.0
GSESGIFTNTK,27942.3
GSFAC(UniMod_4)QC(UniMod_4)PPGYQK,163544.0
GSGGLNLGNFFASR,6656.43
GSLVAPDR,9821.82
GSPAINVAVHVFR,3356890.0
GSPAINVAVHVFRK,4954070.0
GSPSGEVSHPR,106869.0
GSQTQSHPDLGTEGC(UniMod_4)WDQLSAPR,33235.3
GVALADFNR,18211.9
GVASLFAGR,36390.1
GWVTDGFSSLK,13513.8
GYC(UniMod_4)APGMEC(UniMod_4)VK,134003.0
GYHLNEEGTR,44856.5
GYPGVQAPEDLEWER,57086.8
GYQLSDVDGVTC(UniMod_4)EDIDEC(UniMod_4)ALPTGGHIC(UniMod_4)SYR,1863.53
GYTQQLAFR,66265.3
HGGLYHENMR,135834.0
HGNVAEGETKPDPDVTER,9307.86
HGPGLIYR,49395.9
HGSPVDIC(UniMod_4)TAKPR,909666.0
HGTC(UniMod_4)AAQVDALNSQKK,15605.2
HKVYAC(UniMod_4)EVTHQGLSSPVTK,183131.0
HLDSVLQQLQTEVYR,378714.0
HLSLLTTLSNR,
HNC(UniMod_4)MENSIC(UniMod_4)R,4055.56
HPDEAAFFDTASTGK,16220.4
HPNSPLDEENLTQENQDR,160686.0
HPNVFGFC(UniMod_4)R,93910.4
HQFLLTGDTQGR,175767.0
HQPQEFPTYVEPTNDEIC(UniMod_4)EAFR,160774.0
HQPQEFPTYVEPTNDEIC(UniMod_4)EAFRK,158107.0
HQPQEFPTYVEPTNDEIC(UniMod_4)EAFRKDPK,113587.0
HQTVPQNTGGKNPDPWAK,2270670.0
HRLEDMEQALSPSVFK,33423.9
HSIFTPETNPR,50405.5
HSTIFENLANK,159489.0
HTFM(UniMod_35)GVVSLGSPSGEVSHPR,67959.1
HTFMGVVSLGSPSGEVSHPR,868440.0
HTSVQTTSSGSGPFTDVR,25601.5
HVEPGEPLAPSPQEPQAVGR,21355.5
HVLFGTVGVPEHTYR,190206.0
HYDGSYSTFGER,65626.6
HYEGSTVPEK,
HYTNPSQDVTVPC(UniMod_4)PVPPPPPC(UniMod_4)C(UniMod_4)HPR,27973.0
IALVITDGR,43621.4
IAPQLSTEELVSLGEK,
IASFSQNC(UniMod_4)DIYPGKDFVQPPTK,176571.0
IC(UniMod_4)ANVFC(UniMod_4)GAGR,29698.4
IC(UniMod_4)LEDNVLM(UniMod_35)SGVK,14747.1
IC(UniMod_4)LEDNVLMSGVK,141585.0
IC(UniMod_4)VGC(UniMod_4)PR,209542.0
IDQNVEELKGR,
IDQTVEELRR,
IEC(UniMod_4)VSAETTEDC(UniMod_4)IAK,220578.0
IEEELGDEAR,10029.5
IEIPSSVQQVPTIIK,157548.0
IEKVEHSDLSFSK,119704.0
IFFYDSENPPASEVLR,
IFSFDGKDVLR,36774.8
IGADFLAR,21868.7
IGDQWDKQHDMGHMMR,27091.5
IGDTWSK,32315.1
IHWESASLLR,73006.8
IIGYTPDLDPETVDDAFAR,13786.1
IIGYVISNQQITPGPAYSNR,474232.0
IKPVFIEDANFGR,20984.6
ILAGSADSEGVAAPR,133773.0
ILEVVNQIQDEER,33563.8
ILGPLSYSK,139375.0
ILGQQVPYATK,98626.4
ILLQGTPVAQMTEDAVDAER,211154.0
ILTC(UniMod_4)M(UniMod_35)QGMEEIR,218530.0
IMNGEADAMSLDGGFVYIAGK,
INENTGSVSVTR,12289.5
INHC(UniMod_4)RFDEFFSEGC(UniMod_4)APGSKK,638477.0
IPIEDGSGEVVLSR,287346.0
IPIEDGSGEVVLSRK,88393.9
IPLNDLFR,167611.0
IPTTFENGR,534489.0
IPVIEPSVPELVVKPGATVTLR,26342.2
IQPSGGTNINEALLR,
ISASAEELR,23655.4
ISC(UniMod_4)TIANR,24860.0
ISHELDSASSEVN,474290.0
ISLPESLK,105452.0
ISLPESLKR,26227.2
ISYGNDALMPSLTETK,92166.0
ITGYIIK,19539.5
ITSWMEPIVK,42160.7
ITTTSPWMFPSR,27923.5
ITYGETGGNSPVQEFTVPGSK,6697.01
IVQIYKDLLR,28674.2
IVSSAM(UniMod_35)EPDREYHFGQAVR,112411.0
IVSSAMEPDREYHFGQAVR,132499.0
IWDVVEK,125463.0
IYISGMAPR,57132.1
IYISGMAPRPSLAK,98569.6
IYLYTLNDNAR,149761.0
KAADDTWEPFASGK,3437730.0
KAEEEHLGILGPQLHADVGDKVK,84254.9
KASYLDC(UniMod_4)IR,532902.0
KATEDEGSEQKIPEATNR,34792.3
KC(UniMod_4)C(UniMod_4)VEC(UniMod_4)PPC(UniMod_4)PAPPVAGPSVFLFPPKPK,352326.0
KC(UniMod_4)STSSLLEAC(UniMod_4)TFR,697285.0
KC(UniMod_4)SYTEDAQC(UniMod_4)IDGTIEVPK,60847.6
KDSGFQM(UniMod_35)NQLR,13255.7
KDSGFQMNQLR,300325.0
KEC(UniMod_4)C(UniMod_4)EKPLLEK,1127880.0
KFPSGTFEQVSQLVK,136679.0
KGGETSEMYLIQPDSSVKPYR,89030.6
KIYPTVNC(UniMod_4)QPLGMISLMK,153360.0
KLC(UniMod_4)MAALK,253292.0
KLGQSLDC(UniMod_4)NAEVYVVPWEK,40930.2
KLINDYVK,25202.3
KLSENTDFLAPGVSSFTDSNQQESITK,21730.9
KLSSWVLLM(UniMod_35)K,54372.9
KLSSWVLLMK,770937.0
KLVGYLDR,95480.9
KLVPFATELHER,21849.1
KLYDYC(UniMod_4)DVPQC(UniMod_4)AAPSFDC(UniMod_4)GKPQVEPK,83102.0
KMTVTDQVNC(UniMod_4)PK,196601.0
KNM(UniMod_35)FEFLK,12342.3
KPAEDEWGK,16074.9
KPALEDLR,
KPQSAVYSTGSNGILLC(UniMod_4)EAEGEPQPTIK,26442.2
KPVDEYKDC(UniMod_4)HLAQVPSHTVVAR,3266360.0
KPVEEYANC(UniMod_4)HLAR,507046.0
KQELSEAEQATR,91118.4
KQINDYVEK,35899.8
KQINDYVEKGTQGK,49098.6
KQTALVELVK,2799500.0
KREEAPSLRPAPPPISGGGYR,85609.0
KSASDLTWDNLK,
KSPELQAEAK,14268.6
KSQPMGLWR,101032.0
KTLLSNLEEAK,410061.0
KTLLSNLEEAKK,678433.0
KTSLEDFYLDEER,252157.0
KVEQAVETEPEPELR,3067230.0
KVESELIKPINPR,49127.7
KVLLDGVQNPR,104553.0
KVPQVSTPTLVEVSR,98163100.0
KVTYTSQEDLVEKK,22577.1
KYFIDFVAR,27209.5
KYLYEIAR,3152180.0
LAAAVSNFGYDLYR,640896.0
LAAC(UniMod_4)GPPPVAPPAAVAAVAGGAR,179564.0
LAARLEALKENGGAR,59829.0
LAC(UniMod_4)C(UniMod_4)VVGVC(UniMod_4)GPGLWER,80440.9
LADGGATNQGRVEIFYR,32290.8
LALLVDTVGPR,26732.0
LAPLAEDVR,113407.0
LATVGELQAAWR,14563.3
LAVTTHGLPC(UniMod_4)LAWASAQAK,168788.0
LAVYQAGAR,610456.0
LC(UniMod_4)DNLSTK,168479.0
LC(UniMod_4)MAALK,110796.0
LC(UniMod_4)MGSGLNLC(UniMod_4)EPNNK,137425.0
LC(UniMod_4)MGSGLNLC(UniMod_4)EPNNKEGYYGYTGAFR,111990.0
LC(UniMod_4)QDLGPGAFR,71325.6
LC(UniMod_4)TVATLR,7977580.0
LDELRDEGK,3539160.0
LDEVKEQVAEVR,10418.8
LDIDSPPITAR,29843.4
LEAGDHPVELLAR,68147.6
LEDMEQALSPSVFK,36152.9
LEEQAQQIR,21800.9
LEGEAC(UniMod_4)GVYTPR,98833.3
LEGQEEEEDNRDSSMK,5901.05
LEPGQQEEYYR,
LEPYADQLR,63746.0
LETPDFQLFK,380440.0
LFAC(UniMod_4)SNK,21349.6
LFDSDPITVTVPVEVSR,
LFGGNFAHQASVAR,26668.5
LGADM(UniMod_35)EDVC(UniMod_4)GR,19742.3
LGADMEDVC(UniMod_4)GR,186227.0
LGC(UniMod_4)SLNQNSVPDIHGVEAPAR,91705.1
LGEVNTYAGDLQK,9874.91
LGMDGYR,27151.5
LGMFNIQHC(UniMod_4)K,1486400.0
LGNQEPGGQTALK,76044.7
LGPGMADIC(UniMod_4)K,139761.0
LGPLVEQGR,1111710.0
LGPLVEQGRVR,86241.2
LGQSLDC(UniMod_4)NAEVYVVPWEK,
LGVRPSQGGEAPR,97322.8
LHDRNTYEKYLGEEYVK,108612.0
LHLDYIGPC(UniMod_4)K,45135.3
LIADLGSTSITNLGFR,
LINDYVK,105405.0
LIVHNGYC(UniMod_4)DGR,39254.3
LKC(UniMod_4)DEWSVNSVGK,123744.0
LKC(UniMod_4)DEWSVNSVGKIEC(UniMod_4)VSAETTEDC(UniMod_4)IAK,86032.0
LKDDEVAQLKK,13236.1
LKEDAVSAAFK,21573.9
LLAGDHPIDLLLR,270696.0
LLC(UniMod_4)GLLAER,38375.2
LLC(UniMod_4)QC(UniMod_4)LGFGSGHFR,47831.7
LLDNWDSVTSTFSK,338109.0
LLDSLPSDTR,418708.0
LLEELVR,130536.0
LLELTGPK,415024.0
LLEVPEGR,145423.0
LLIYDASK,7041.04
LLIYDASNR,196933.0
LLIYGATSR,129102.0
LLPAQLPAEKEVGPPLPQEAVPLQK,49149.1
LLRDPADASEAHESSSR,37326.5
LMVELHNLYR,44895.9
LNMHMNVQNGKWDSDPSGTK,11939.4
LPPTSAHGNVAEGETKPDPDVTER,147913.0
LPYTASSGLMAPR,45475.5
LQAEAFQAR,342000.0
LQDLYSIVR,24961.3
LQPLDFKENAEQSR,394453.0
LQSIGTENTEENRR,20171.3
LQSLFDSPDFSK,432112.0
LRENELTYYC(UniMod_4)C(UniMod_4)K,102098.0
LRENELTYYC(UniMod_4)C(UniMod_4)KK,147896.0
LRTEGDGVYTLNNEK,
LRTEGDGVYTLNNEKQWINK,28999.7
LSELIQPLPLER,646957.0
LSINTHPSQKPLSITVR,443336.0
LSITGTYDLK,2769420.0
LSKELQAAQAR,305039.0
LSNENHGIAQR,5900.29
LSPEDYTLK,72241.6
LSPIYNLVPVK,57677.8
LSPLGEEMR,363937.0
LSSGLVTAALYGR,45735.5
LSSWVLLM(UniMod_35)K,53946.4
LSSWVLLMK,711583.0
LSYEGEVTK,328020.0
LSYTC(UniMod_4)EGGFR,23599.0
LTASAPGYLAITK,33844.4
LTPLYELVK,54074.3
LVAYYTLIGASGQR,85957.9
LVDGKGVPIPNKVIFIR,15097.7
LVDKFLEDVKK,395867.0
LVFFAEDVGSNK,24494.4
LVGGPM(UniMod_35)DASVEEEGVRR,2140030.0
LVGGPMDASVEEEGVR,736038.0
LVGGPMDASVEEEGVRR,23616600.0
LVGYLDR,569250.0
LVMGIPTFGR,313155.0
LVNEVTEFAK,19688000.0
LVPPMEEDYPQFGSPK,71796.4
LVWEEAMSR,56787.7
LVYPSC(UniMod_4)EEK,12166.7
LYEQLSGK,15365.1
LYGSEAFATDFQDSAAAK,39733.5
LYGSEAFATDFQDSAAAKK,36150.2
LYHSEAFTVNFGDTEEAKK,8118.85
LYQQHGAGLFDVTR,8906.22
M(UniMod_35)ADEAGSEADHEGTHSTKR,7532.78
M(UniMod_35)ASGAANVVGPK,7067.91
M(UniMod_35)C(UniMod_4)PQLQQYEMHGPEGLR,118730.0
M(UniMod_35)ELERPGGNEITR,133590.0
M(UniMod_35)LTPEHVFIHPGWK,22625.9
M(UniMod_35)TVTDQVNC(UniMod_4)PK,302086.0
M(UniMod_35)VQEQC(UniMod_4)C(UniMod_4)HSQLEELHC(UniMod_4)ATGISLANEQDR,18885.9
M(UniMod_35)YLGYEYVTAIR,262163.0
MADEAGSEADHEGTHSTKR,7123.51
MASGAANVVGPK,193994.0
MATLYSR,23504200.0
MC(UniMod_4)PQLQQYEMHGPEGLR,117416.0
MC(UniMod_4)VDVNEC(UniMod_4)QR,65339.6
MDASLGNLFAR,70447.4
MDYPKQTQVSVLPEGGETPLFK,73602.5
MELERPGGNEITR,134478.0
MFTTAPDQVDKEDEDFQESNK,44061.7
MGNFPWQVFTNIHGR,50494.1
MKYWGVASFLQK,111333.0
MMAVAADTLQR,569358.0
MNFRPGVLSSR,152725.0
MPC(UniMod_4)AELVREPGC(UniMod_4)GC(UniMod_4)C(UniMod_4)SVC(UniMod_4)AR,66895.3
MPYEC(UniMod_4)GPSLDVC(UniMod_4)AQDER,12734.7
MTVTDQVNC(UniMod_4)PK,514986.0
MVQEQC(UniMod_4)C(UniMod_4)HSQLEELHC(UniMod_4)ATGISLANEQDR,55890.0
MYLGYEYVTAIR,717081.0
MYYSAVDPTKDIFTGLIGPM(UniMod_35)K,8681.97
NANTFISPQQR,60690.4
NEQEQPLGQWHLS,11692.0
NFGYTLR,14276.3
NFPPSQDASGDLYTTSSQLTLPATQC(UniMod_4)LAGK,29314.3
NFPPSQDASGDLYTTSSQLTLPATQC(UniMod_4)PDGK,
NFPSPVDAAFR,1094010.0
NGFYPATR,128010.0
NIGEFC(UniMod_4)GK,24878.5
NIINSDGGPYVC(UniMod_4)R,32320.9
NILDRQDPPSVVVTSHQAPGEK,89359.5
NILTSNNIDVK,388313.0
NILTSNNIDVKK,58678.5
NKFDPSLTQR,44024.6
NKPLFFADK,74430.7
NLAVSQVVHK,174214.0
NLHGDGIALWYTR,32250.1
NLNEKDYELLC(UniMod_4)LDGTR,1379410.0
NLQPASEYTVSLVAIKGNQESPK,22809.1
NLREGTC(UniMod_4)PEAPTDEC(UniMod_4)KPVK,318755.0
NNEGTYYSPNYNPQSR,52256.8
NPC(UniMod_4)QDPYILTPENR,325025.0
NPDGDVGGPWC(UniMod_4)YTTNPR,29627.6
NPDPWAK,545569.0
NPDSSTTGPWC(UniMod_4)YTTDPTVR,10665.8
NQEQVSPLTLLK,74470.1
NRDHDTFLAVR,16365.9
NSKFEDC(UniMod_4)C(UniMod_4)QEK,23889.4
NSLESYAFNMK,53651.8
NSLFEYQK,28001.0
NSPLDEENLTQENQDR,17921.9
NSVIKVPMMNSK,116131.0
NSWGEEWGMGGYVK,8471.68
NTEILTGSWSDQTYPEGTQAIYK,39898.9
NTFAEVTGLSPGVTYYFK,8964.92
NTGIIC(UniMod_4)TIGPASR,54233.6
NVDGVNYASITR,23923.8
NVVYTC(UniMod_4)NEGYSLIGNPVAR,
NWGLGGHAFC(UniMod_4)R,36810.0
PALEDLR,
PIVTSPYQIHFTK,42467.5
PNHAVVTR,2367.73
PPTSAHGNVAEGETKPDPDVTER,25445.4
PTLVEVSR,4338720.0
QALNTDYLDSDYQR,27428.2
QALPQVR,8978.98
QAPGQGLEWMGR,23105.5
QC(UniMod_4)VPTEPC(UniMod_4)EDAEDDC(UniMod_4)GNDFQC(UniMod_4)STGR,16310.1
QDGSVDFGR,15998.9
QELSEAEQATR,9454.4
QEPERNEC(UniMod_4)FLQHKDDNPNLPR,12945400.0
QFTSSTSYNR,5723.36
QGIPFFGQVR,132031.0
QGVNDNEEGFFSAR,55915.4
QHM(UniMod_35)DSDSSPSSSSTYC(UniMod_4)NQMMR,10158.2
QHMDSDSSPSSSSTYC(UniMod_4)NQMMR,363084.0
QHVVYGPWNLPQSSYSHLTR,27618.8
QIGSVYR,43980.1
QINDYVEK,539639.0
QINDYVEKGTQGK,260675.0
QKPDGVFQEDAPVIHQEMIGGLR,33091.4
QKVEPLRAELQEGAR,2296110.0
QKWEAEPVYVQR,377868.0
QLEWGLER,10606.2
QLKEHAVEGDC(UniMod_4)DFQLLKLDGK,73397.1
QLNEINYEDHK,13098.0
QNC(UniMod_4)ELFEQLGEYK,4842780.0
QPSSAFAAFVK,36443.8
QQETAAAETETR,2985.91
QQLVETHMAR,
QQTEWQSGQR,34973.0
QQTHMLDVMQDHFSR,220605.0
QRQEELC(UniMod_4)LAR,276196.0
QSGLYFIKPLK,11870.8
QSTNAYPDLR,34778.4
QTALVELVK,36801600.0
QTHQPPAPNSLIR,63259.3
QTQVSVLPEGGETPLFK,492155.0
QTVSWAVTPK,128494.0
QVVAGLNFR,181030.0
QWAGLVEK,151120.0
QYNVGPSVSKYPLR,48615.6
QYTDSTFRVPVER,44673.8
RELDESLQVAER,125132.0
RGEQC(UniMod_4)VDIDEC(UniMod_4)TIPPYC(UniMod_4)HQR,315562.0
RGYQLSDVDGVTC(UniMod_4)EDIDEC(UniMod_4)ALPTGGHIC(UniMod_4)SYR,50134.1
RIPIEDGSGEVVLSRK,51577.0
RLEAGDHPVELLAR,70992.8
RLEGQEEEEDNRDSSMK,3358.22
RLGMFNIQHC(UniMod_4)K,1019390.0
RLPIGSYF,267443.0
RLYGSEAFATDFQDSAAAK,19743.3
RNTEILTGSWSDQTYPEGTQAIYK,8164.26
RPC(UniMod_4)FSALEVDETYVPK,6090950.0
RPDSLQHVLLPVLDR,72594.2
RPGGEPSPEGTTGQSYNQYSQR,44784.1
RQEC(UniMod_4)SIPVC(UniMod_4)GQDQVTVAMTPR,73440.4
RTHLPEVFLSK,176.568
RTPITVVK,174995.0
RVDTVDPPYPR,298527.0
RVWELSK,338775.0
RYIETDPANRDR,25263.0
SASDLTWDNLK,1095710.0
SASDLTWDNLKGK,
SASLHLPK,455821.0
SC(UniMod_4)C(UniMod_4)EEQNKVNC(UniMod_4)LQTR,27049.5
SC(UniMod_4)DIPVFMNAR,279089.0
SC(UniMod_4)DKTHTC(UniMod_4)PPC(UniMod_4)PAPELLGGPSVFLFPPKPK,742722.0
SC(UniMod_4)DNPYIPNGDYSPLR,22872.9
SC(UniMod_4)DTPPPC(UniMod_4)PR,261413.0
SC(UniMod_4)ESNSPFPVHPGTAEC(UniMod_4)C(UniMod_4)TK,536048.0
SC(UniMod_4)SPELQQK,
SC(UniMod_4)VGETTESTQC(UniMod_4)EDEELEHLR,24635.2
SDDKVTLEER,26051.0
SDVMYTDWK,139350.0
SDVMYTDWKK,336055.0
SDVVYTDWK,358354.0
SDVVYTDWKK,2272930.0
SEALAVDGAGKPGAEEAQDPEGK,30455.0
SEGLLAC(UniMod_4)GTNAR,6861.0
SEGSSVNLSPPLEQC(UniMod_4)VPDRGQQYQGR,83430.4
SELEEQLTPVAEETR,37939.1
SETKDLLFRDDTVC(UniMod_4)LAK,1416270.0
SEYPSIK,138530.0
SFNRGEC(UniMod_4),2874.02
SFPTYC(UniMod_4)QQK,80259.7
SFQTGLFTAAR,83051.2
SGEATDGARPQALPEPMQESK,147551.0
SGELEQEEER,57149.2
SGIEC(UniMod_4)QLWR,92321.4
SGINC(UniMod_4)PIQK,164136.0
SGIPIVTSPYQIHFTK,198075.0
SGLSTGWTQLSK,165955.0
SGNIPAGTTVDTK,45002.0
SGSAHEYSSSPDDAIFQSLAR,164504.0
SGSDEVQVGQQR,172950.0
SIAQYWLGC(UniMod_4)PAPGHL,524611.0
SIDVAC(UniMod_4)HPGYALPK,76971.4
SILENLR,135339.0
SIVVSPILIPENQR,35469.0
SKEFQLFSSPHGK,817428.0
SKVPPPRDFHINLFR,40170.5
SLAAAAGKQELAK,6540.93
SLAELGGHLDQQVEEFRR,50966.0
SLAPYAQDTQEK,16716.8
SLDFTELDVAAEK,79528.5
SLEDLQLTHNKITK,22512.8
SLEDQVEMLR,24823.8
SLGEC(UniMod_4)C(UniMod_4)DVEDSTTC(UniMod_4)FNAK,419280.0
SLGNVIMVC(UniMod_4)R,29496.7
SLGSPSGEVSHPR,52505.7
SLHTLFGDK,2077500.0
SLNNQIETLLTPEGSR,20145.6
SLPSEASEQYLTK,99431.1
SMEQNGPGLEYR,34802.0
SNAQGIDLNR,82531.0
SNLDEDIIAEENIVSR,91636.2
SNSSM(UniMod_35)HITDC(UniMod_4)R,10224.7
SNSSMHITDC(UniMod_4)R,420693.0
SNVSDAVAQSTR,25598.4
SPAINVAVHVFR,80402.5
SPELQAEAK,116511.0
SPFEQHIK,77520.9
SPMYSIITPNILR,295078.0
SPQGLGAFTPVVR,18129.6
SPVDIC(UniMod_4)TAKPR,40607.7
SPVGVQPILNEHTFC(UniMod_4)AGMSK,112341.0
SRGPGAPC(UniMod_4)QDVDEC(UniMod_4)AR,10115.7
SRYPVC(UniMod_4)GSDGTTYPSGC(UniMod_4)QLR,437393.0
SSALDMENFR,7171.17
SSFVAPLEK,190690.0
SSGLVSNAPGVQIR,20110.8
SSGQWQTPGATR,48933.1
SSNLIILEEHLK,32520.3
SSNTYTLTDVRR,18782.4
SSPVVIDASTAIDAPSNLR,77684.7
SSQGGSLPSEEK,25686.2
STGGISVPGPMGPSGPR,50630.3
STNLHDYGMLLPC(UniMod_4)GIDK,9677.31
STSSFPC(UniMod_4)PAGHFNGFR,65725.8
STTPDITGYR,178663.0
SVIPSDGPSVAC(UniMod_4)VK,4385840.0
SVIPSDGPSVAC(UniMod_4)VKK,1995740.0
SVLGQLGITK,5771590.0
SVPMVPPGIK,147953.0
SVPPSASHVAPTETFTYEWTVPK,68337.5
SWFEPLVEDM(UniMod_35)QR,26958.6
SYELTQPPSVSVSPGQTAR,69064.1
SYLSMVGSC(UniMod_4)C(UniMod_4)TSASPTVC(UniMod_4)FLKER,18712.0
SYTITGLQPGTDYK,95313.6
TAKDALSSVQESQVAQQAR,66005.5
TALASGGVLDASGDYR,233591.0
TASDFITK,172429.0
TATSEYQTFFNPR,127579.0
TC(UniMod_4)VADESAENC(UniMod_4)DK,4342300.0
TC(UniMod_4)VADESAENC(UniMod_4)DKSLHTLFGDK,142529.0
TDASDVKPC(UniMod_4),15236.2
TEGDGVYTLNNEK,
TEHLSTLSEK,77643.4
TEIDKPSQMQVTDVQDNSISVK,32197.2
TELLPGDRDNLAIQTR,837552.0
TFHEASEDC(UniMod_4)ISR,134638.0
TFISPIK,388363.0
TFTC(UniMod_4)TAAYPESK,254621.0
TFTLLDPK,
TFYEPGEEITYSC(UniMod_4)KPGYVSR,482324.0
TFYSC(UniMod_4)TTEGR,13798.1
TGAQELLR,224401.0
TGDEITYQC(UniMod_4)R,207283.0
TGTTGQSGAESGTTEPSAR,452408.0
TGYYFDGISR,458968.0
THLAPYSDELR,635693.0
THLAPYSDELRQR,742844.0
THLGEALAPLSK,47411.0
THLPEVFLSK,176754.0
THPHFVIPYR,730786.0
TINPAVDHC(UniMod_4)C(UniMod_4)K,
TKEEYGHSEVVEYYC(UniMod_4)NPR,95226.7
TKKQELSEAEQATR,215450.0
TLEAQLTPR,100370.0
TLKIENVSYQDKGNYR,32804.4
TLLSNLEEAK,768024.0
TLLSNLEEAKK,542501.0
TLVVHEKADDLGKGGNEESTK,34978.3
TLYSSSPR,289172.0
TM(UniMod_35)LLQPAGSLGSYSYR,1054530.0
TM(UniMod_35)QENSTPRED,30332.2
TMLLQPAGSLGSYSYR,17364700.0
TMQALPYSTVGNSNNYLHLSVLR,27306.3
TMQENSTPRED,31308.9
TMSEVGGSVEDLIAK,46255.1
TNFDNDIALVR,105777.0
TNTNVNC(UniMod_4)PIEC(UniMod_4)FMPLDVQADREDSRE,32455.3
TPC(UniMod_4)QQELDQVLER,65152.8
TPC(UniMod_4)TVSC(UniMod_4)NIPVVSGKEC(UniMod_4)EEIIR,17629.9
TPENYPNAGLTMNYC(UniMod_4)R,24134.2
TPEVTC(UniMod_4)VVVDVSHEDPEVK,141200.0
TPLGDTTHTC(UniMod_4)PR,90756.8
TPLPPTSAHGNVAEGETKPDPDVTER,99482.6
TPLTATLSK,593454.0
TPSAAYLWVGTGASEAEK,104007.0
TPSGLYLGTC(UniMod_4)ER,9857.89
TPVSDRVTK,807728.0
TQSSLVPALTDFVR,181316.0
TQVNTQAEQLR,3433.41
TQVNTQAEQLRR,38674.9
TSAHGNVAEGETKPDPDVTER,93347.9
TSESGELHGLTTEEEFVEGIYK,190348.0
TSLEDFYLDEER,111861.0
TSPVDEKALQDQLVLVAAK,41071.5
TSTDLQVLAAR,16683.1
TTPEPC(UniMod_4)ELDDEDFR,78807.3
TTPPVLDSDGSFFLYSK,1350.9
TTPPVLDSDGSFFLYSR,18342.5
TVAAC(UniMod_4)NLPIVR,196336.0
TVAAPSVFIFPPSDEQLK,527820.0
TVFGTEPDMIR,90556.0
TVQAVLTVPK,250588.0
TVVQPSVGAAAGPVVPPC(UniMod_4)PGR,582195.0
TYETTLEK,20589300.0
TYLGNALVC(UniMod_4)TC(UniMod_4)YGGSR,22118.1
VAAGAFQGLR,186749.0
VAHQLQALR,27425.4
VAPDEHPILLTEAPLNPK,25710.7
VASYGVKPR,
VAVVQYSGTGQQRPER,42232.6
VC(UniMod_4)PFAGILENGAVR,127505.0
VC(UniMod_4)SQYAAYGEK,197195.0
VDGALC(UniMod_4)MEK,334906.0
VDNALQSGNSQESVTEQDSK,93281.9
VDNALQSGNSQESVTEQDSKDSTYSLSSTLTLSK,27857.1
VDSGNDVTDIADDGC(UniMod_4)PKPPEIAHGYVEHSVR,192523.0
VEHSDLSFSK,51062.3
VEKPTADAEAYVFTPNMIC(UniMod_4)AGGEK,22452.1
VEPLRAELQEGAR,157711.0
VEPYGENFNK,11415.1
VFAVSHGR,
VFNTPEGVPSAPSSLK,68562.0
VFQEPLFYEAPR,45767.9
VFSNGADLSGVTEEAPLK,354129.0
VFSNGADLSGVTEEAPLKLSK,812209.0
VGFYESDVMGR,269223.0
VGGVQSLGGTGALR,9322.38
VGYVSGWGR,352274.0
VHKEDDGVPVIC(UniMod_4)QVEHPAVTGNLQTQR,25351.9
VHTEC(UniMod_4)C(UniMod_4)HGDLLEC(UniMod_4)ADDR,1315910.0
VHTEC(UniMod_4)C(UniMod_4)HGDLLEC(UniMod_4)ADDRADLAK,7753580.0
VHVSEEGTEPEAMLQVLGPKPALPAGTEDTAKEDAANR,
VHVSEEGTEPEAMLQVLGPKPALPAGTEDTAKEDAANRK,65596.8
VIAVNEVGR,151840.0
VKDISEVVTPR,7561.1
VKDLATVYVDVLK,122131.0
VKSPELQAEAK,424711.0
VLDLSC(UniMod_4)NR,126296.0
VLEPTLK,1482970.0
VLLDGVQNPR,143267.0
VLLDQLR,307443.0
VLNQELR,2572460.0
VLSIAQAHSPAFSC(UniMod_4)EQVR,89762.8
VLTPTQVK,64872.5
VMDKYTFELSR,768558.0
VMPIC(UniMod_4)LPSKDYAEVGR,229028.0
VMTPAVYAPYDVK,166780.0
VNGSPVDNHPFAGDVVFPR,54881.4
VNHVTLSQPK,454500.0
VPEARPNSMVVEHPEFLK,102925.0
VPEEDLKR,36596.8
VPFDAATLHTSTAMAAQHGMDDDGTGQK,100855.0
VPMMSDPK,142271.0
VPQVSTPTLVEVSR,3585690.0
VPVAVQGEDTVQSLTQGDGVAK,98008.9
VQAAVGTSAAPVPSDNH,95806.3
VQPYLDDFQK,103226.0
VQPYLDDFQKK,275970.0
VRGGEGTGYFVDFSVR,
VRQGQGQSEPGEYEQR,5469.09
VSEADIQR,7124.77
VSEADSSNADWVTK,76508.6
VSPTDC(UniMod_4)SAVEPEAEK,72431.3
VSTLPAITLK,142319.0
VTAAPQSVC(UniMod_4)ALR,631901.0
VTEIWQEVMQR,225183.0
VTEPISAESGEQVER,2146.75
VTGVVLFR,498689.0
VTIKPAPETEKRPQDAK,27262.0
VTIPTDLIASSGDIIK,88981.1
VTLTC(UniMod_4)VAPLSGVDFQLR,
VTSIQDWVQK,189672.0
VTTVASHTSDSDVPSGVTEVVVK,2516070.0
VVEESELAR,89540.4
VVEQMC(UniMod_4)ITQYER,367995.0
VVVNFAPTIQEIK,90909.6
VYAC(UniMod_4)EVTHQGLSSPVTK,712547.0
VYC(UniMod_4)DMNTENGGWTVIQNR,11860.3
VYTVDLGR,3424450.0
WC(UniMod_4)AVSEHEATK,1902100.0
WEAEPVYVQR,29473.1
WELALGR,152502.0
WGYC(UniMod_4)LEPK,26745.4
WKNFPSPVDAAFR,817402.0
WLPSSSPVTGYR,231220.0
WQEEMELYR,208737.0
WSGQTAIC(UniMod_4)DNGAGYC(UniMod_4)SNPGIPIGTR,
WSRPQAPITGYR,113300.0
WSSTSPHRPR,14098.1
WYEIEKIPTTFENGR,1436040.0
WYFDVTEGK,75700.7
YAMVYGYNAAYNR,3817.54
YANC(UniMod_4)HLAR,91464.3
YFIDFVAR,177125.0
YGFIEGHVVIPR,178109.0
YGLDSDLSC(UniMod_4)K,348189.0
YGLVTYATYPK,240026.0
YGQTIRPIC(UniMod_4)LPC(UniMod_4)TEGTTR,158324.0
YHDRDVWKPEPC(UniMod_4)R,59127.0
YIETDPANR,170910.0
YIFHNFMER,19463.0
YIVSGTPTFVPYLIK,22196.8
YKAAFTEC(UniMod_4)C(UniMod_4)QAADK,3689250.0
YLFLNGNK,42145.5
YLGEEYVK,2263990.0
YLQEIYNSNNQK,34573.4
YLYEIAR,29462500.0
YNSQNQSNNQFVLYR,73861.2
YPGPQAEGDSEGLSQGLVDREK,138564.0
YPNC(UniMod_4)AYR,166234.0
YPSLSIHGIEGAFDEPGTK,105147.0
YQC(UniMod_4)YC(UniMod_4)YGR,10688.8
YSLTYIYTGLSK,255350.0
YTTEIIK,11943.8
YVGGQEHFAHLLILR,4676870.0
YVM(UniMod_35)LPVADQDQC(UniMod_4)IR,22223.3
YVMLPVADQDQC(UniMod_4)IR,223024.0
YVNKEIQNAVNGVK,142617.0
YWGVASFLQK,179388.0
YYC(UniMod_4)FQGNQFLR,598000.0
YYTYLIMNK,46078.2
YYWGGQYTWDMAK,9386.73
O00391,11692.0
O00533,722212.0
O00584,33208.5
O14498,48034.8
O14773,35574.7
O14791,2146.75
O15240,154421.0
O15394,85410.1
O43505,233591.0
O60888,181316.0
O75144,118958.0
O75326,6861.0
O94919,60992.0
P00441,91445.6
P00450,1236890.0
P00734,643989.0
P00736,87316.3
P00738,1350090.0
P00746,124221.0
P00747,408644.0
P00748,133557.0
P00751,676177.0
P01008,3891990.0
P01009,15823400.0
P01011,1203660.0
P01019,1948730.0
P01023,1751290.0
P01024,4084710.0
P01031,14447.2
P01033,127868.0
P01034,33515600.0
P01042,1060550.0
P01344,173383.0
P01591,3848.74
P01594,
P01608,7041.04
P01621,129102.0
P01717,69064.1
P01780,
P01833,3424450.0
P01834,1547510.0
P01857,2410180.0
P01859,1584830.0
P01860,352170.0
P01861,18342.5
P01876,1123580.0
P01877,27973.0
P02452,109757.0
P02647,8225180.0
P02649,7067350.0
P02652,573560.0
P02655,21426.7
P02656,119362.0
P02671,531689.0
P02675,446626.0
P02679,161241.0
P02747,179662.0
P02748,163528.0
P02749,1642630.0
P02750,346935.0
P02751,1626490.0
P02753,694851.0
P02760,486947.0
P02763,7308160.0
P02765,2529400.0
P02766,22622300.0
P02768,393507000.0
P02774,5019360.0
P02787,37137300.0
P02790,6473950.0
P02792,16074.9
P04004,1369090.0
P04075,38050.2
P04156,367995.0
P04180,48034.3
P04196,210322.0
P04207,30318.5
P04211,
P04216,190206.0
P04217,1543180.0
P04275,442033.0
P04406,
P04433,356922.0
P05060,220817.0
P05067,970409.0
P05090,8628130.0
P05155,893588.0
P05156,119056.0
P05408,7124.77
P05452,381648.0
P05546,114647.0
P06310,9972.35
P06396,2648810.0
P06454,34992.0
P06681,116472.0
P06727,463832.0
P07195,13236.1
P07225,166957.0
P07333,26342.2
P07339,393304.0
P07602,1524380.0
P07711,54239.6
P07858,38100.6
P07998,1385950.0
P08123,20145.6
P08133,74430.7
P08253,13786.1
P08294,1192990.0
P08493,64507.9
P08571,409998.0
P08603,1895860.0
P08637,26008.4
P08697,337662.0
P09104,10029.5
P09486,264098.0
P09871,432628.0
P10451,474290.0
P10643,125189.0
P10645,552577.0
P10909,12859300.0
P11142,53651.8
P11277,49022.9
P12109,85854.0
P13473,167611.0
P13521,58979.1
P13591,236858.0
P13611,24457.5
P13671,10606.2
P13987,505812.0
P14174,38375.2
P14314,39501.3
P14618,84077.1
P16035,96170.2
P16070,325945.0
P16152,
P16870,280879.0
P17174,31191.1
P17936,10307.8
P18065,469923.0
P19021,6656.43
P19652,475405.0
P19823,72614.0
P19827,
P20774,649267.0
P20933,33311.8
P23083,23105.5
P23142,1453890.0
P24592,792139.0
P25311,1210150.0
P27169,
P30086,80237.6
P31997,474232.0
P32754,
P35542,51485.4
P36222,494049.0
P36955,3084770.0
P36980,12166.7
P39060,61736.1
P40925,26632.2
P41222,52460600.0
P43121,39319.0
P43251,45735.5
P43652,316769.0
P49588,9821.82
P49908,27395.5
P51884,452096.0
P54289,81873.7
P55290,47758.5
P60174,25598.4
P61278,6540.93
P61626,27151.5
P61769,625266.0
P61916,426131.0
P80748,14228.9
P98160,16383.6
Q02818,22264.3
Q06481,31058.6
Q08380,260193.0
Q12805,1484570.0
Q12841,44735.0
Q12907,48616.0
Q13283,599606.0
Q13332,18129.6
Q13449,48658.0
Q13451,5182360.0
Q13740,41450.2
Q14118,180686.0
Q14508,10341.8
Q14515,578708.0
Q14624,172188.0
Q15904,45475.5
Q16270,1711190.0
Q16610,220490.0
Q562R1,25710.7
Q6UX71,
Q6UXB8,56522.9
Q6UXD5,9030.93
Q7Z3B1,90909.6
Q7Z5P9,452408.0
Q8IWV7,218530.0
Q8N2S1,10115.7
Q8NBJ4,29982.2
Q8NE71,15222.0
Q92520,726150.0
Q92823,190190.0
Q92876,1490540.0
Q96BZ4,16683.1
Q96KN2,975515.0
Q96PD5,71556.2
Q96S96,42160.7
Q99435,4055.56
Q99674,21355.5
Q99683,130536.0
Q99829,8978.98
Q99832,36596.8
Q99969,30467.9
Q9BY67,25351.9
Q9HDC9,307443.0
Q9NQ79,54602.0
Q9NYU2,122353.0
Q9UBR2,23923.8
Q9UBX5,61027.3
Q9UHG2,269725.0
Q9UKV8,45002.0
Q9UNU6,12342.3
Q9Y646,26732.0
Q9Y6R7,43909.6
